2020 ranking,,Airforce Strength,,,,,,,,,,,,,,Land Strength,,,,,,,,,,Navy Strength,,,,,,,,,,Finances,,,,Logistics,,Natural resources,,,,,,Manpower,,,,Geography,,,,,,,
Military Strength,Military Strength Power Index,Aircraft Strength,Aircraft Strength value,Fighter/Interceptor Strength,Fighter/Interceptor Strength value,Attack Aircraft Strength,Attack Aircraft Strength value,Transport Aircraft Fleet Strength,Transport Aircraft Fleet Strength value,Trainer Aircraft Fleet,Trainer Aircraft Fleet value,Helicopter Fleet Strength,Helicopter Fleet Strength value,Attack Helicopter Fleet Strength,Attack Helicopter Fleet Strength value,Tank Strength,Tank Strength value,AFV/APC Strength,AFV/APC Strength value,Self-Propelled Artillery Strength,Self-Propelled Artillery Strength value,Towed Artillery Strength,Towed Artillery Strength value,Rocket Projector Strength,Rocket Projector Strength value,Navy Fleet Strengths,Navy Fleet Strengths value,Aircraft Carrier Fleet Strength,Aircraft Carrier Fleet Strength value,Submarine Fleet Strength,Submarine Fleet Strength value,Destroyer Fleet Strength,Destroyer Fleet Strength value,Frigate Fleet Strength,Frigate Fleet Strength value,defense spending budget,defense spending budget value,External Debt,External Debt value,Airport Totals,Airport Totals value,Oil Production,Oil Production value,Oil Consumption,Oil Consumption value,Proven Oil Reserves,Proven Oil Reserves value,Available Manpower,Available Manpower value,Total Population,Total Population value,Total Square Land Area,Total Square Land Area value,Total Coastline Coverage,Total Coastline Coverage value,Total Waterway Coverage,Total Waterway Coverage value,Total Border Coverage,Total Border Coverage value
Afghanistan,1.3444,Afghanistan,260,Afghanistan,0,Afghanistan,25,Afghanistan,30,Afghanistan,0,Afghanistan,187,Afghanistan,0,Afghanistan,0,Afghanistan,"1,062",Afghanistan,0,Afghanistan,176,Afghanistan,50,Afghanistan,0,Afghanistan,0,Afghanistan,0,Afghanistan,0,Afghanistan,0,Afghanistan,"12,00,00,00,000",Afghanistan,"2,84,00,00,000",Afghanistan,43,Afghanistan,0,Afghanistan,"5,500",Afghanistan,0,Afghanistan,"1,43,25,743",Afghanistan,"3,49,40,837",Afghanistan,"6,52,230",Afghanistan,0,Afghanistan,"1,200",Afghanistan,"5,987"
Albania,2.3137,Albania,19,Albania,0,Albania,0,Albania,0,Albania,0,Albania,19,Albania,0,Albania,0,Albania,467,Albania,0,Albania,0,Albania,0,Albania,38,Albania,0,Albania,0,Albania,0,Albania,0,Albania,"25,00,00,000",Albania,"9,50,50,00,000",Albania,4,Albania,"16,000",Albania,"42,500",Albania,"16,83,00,000",Albania,"15,19,438",Albania,"30,57,220",Albania,"28,748",Albania,362,Albania,41,Albania,691
Algeria,0.4659,Algeria,551,Algeria,103,Algeria,22,Algeria,59,Algeria,87,Algeria,257,Algeria,45,Algeria,880,Algeria,"7,361",Algeria,320,Algeria,240,Algeria,316,Algeria,201,Algeria,0,Algeria,6,Algeria,0,Algeria,5,Algeria,"13,00,00,00,000",Algeria,"6,26,00,00,000",Algeria,157,Algeria,"13,06,000",Algeria,"3,25,000",Algeria,"12,20,00,00,000",Algeria,"2,07,41,263",Algeria,"4,16,57,488",Algeria,"23,81,741",Algeria,998,Algeria,0,Algeria,"6,734"
Angola,0.8379,Angola,295,Angola,72,Angola,18,Angola,30,Angola,47,Angola,126,Angola,15,Angola,379,Angola,595,Angola,28,Angola,357,Angola,115,Angola,57,Angola,0,Angola,0,Angola,0,Angola,0,Angola,"7,00,00,00,000",Angola,"42,08,00,00,000",Angola,176,Angola,"16,66,000",Angola,"82,300",Angola,"8,27,30,00,000",Angola,"62,44,205",Angola,"3,03,55,880",Angola,"12,46,700",Angola,"1,600",Angola,"1,300",Angola,"5,369"
Argentina,0.6521,Argentina,227,Argentina,24,Argentina,7,Argentina,9,Argentina,64,Argentina,100,Argentina,0,Argentina,370,Argentina,739,Argentina,83,Argentina,172,Argentina,26,Argentina,49,Argentina,0,Argentina,2,Argentina,4,Argentina,0,Argentina,"4,20,00,00,000",Argentina,"2,14,90,00,00,000",Argentina,"1,138",Argentina,"4,79,400",Argentina,"6,85,000",Argentina,"2,18,50,00,000",Argentina,"2,01,79,430",Argentina,"4,46,94,198",Argentina,"27,80,400",Argentina,"4,989",Argentina,"11,000",Argentina,"11,968"
Armenia,2.1251,Armenia,64,Armenia,0,Armenia,9,Armenia,3,Armenia,13,Armenia,37,Armenia,20,Armenia,110,Armenia,748,Armenia,38,Armenia,150,Armenia,68,Armenia,0,,,,,,,,,Armenia,"1,38,50,00,000",Armenia,"10,41,00,00,000",Armenia,11,Armenia,0,Armenia,"47,500",Armenia,0,Armenia,"16,96,085",Armenia,"30,38,217",Armenia,"29,743",,,Armenia,0,Armenia,"1,570"
Australia,0.3225,Australia,464,Australia,82,Australia,6,Australia,38,Australia,174,Australia,133,Australia,22,Australia,59,Australia,"3,051",Australia,0,Australia,54,Australia,0,Australia,48,Australia,2,Australia,6,Australia,2,Australia,8,Australia,"26,30,00,00,000",Australia,"17,14,00,00,00,000",Australia,480,Australia,"2,63,000",Australia,"10,05,000",Australia,"1,82,10,00,000",Australia,"1,08,08,002",Australia,"2,34,70,145",Australia,"77,41,220",Australia,"25,760",Australia,"2,000",,
Austria,0.9568,Austria,120,Austria,15,Austria,0,Austria,11,Austria,32,Austria,62,Austria,0,Austria,56,Austria,467,Austria,33,Austria,0,Austria,0,Austria,0,,,,,,,,,Austria,"3,38,00,00,000",Austria,"6,30,80,00,00,000",Austria,52,Austria,"14,260",Austria,"2,15,000",Austria,"4,30,00,000",Austria,"40,17,691",Austria,"87,93,370",Austria,"83,871",,,Austria,0,Austria,"2,524"
Azerbaijan,0.9463,Azerbaijan,147,Azerbaijan,17,Azerbaijan,12,Azerbaijan,1,Azerbaijan,29,Azerbaijan,88,Azerbaijan,17,Azerbaijan,570,Azerbaijan,"1,451",Azerbaijan,187,Azerbaijan,227,Azerbaijan,162,Azerbaijan,31,Azerbaijan,0,Azerbaijan,4,Azerbaijan,0,Azerbaijan,1,Azerbaijan,"2,80,50,00,000",Azerbaijan,"17,41,00,00,000",Azerbaijan,37,Azerbaijan,"7,89,300",Azerbaijan,"1,80,000",Azerbaijan,"7,00,00,00,000",Azerbaijan,"50,42,346",Azerbaijan,"1,00,46,516",Azerbaijan,"86,600",Azerbaijan,713,Azerbaijan,0,Azerbaijan,"2,468"
Bahrain,1.8547,Bahrain,109,Bahrain,17,Bahrain,0,Bahrain,2,Bahrain,37,Bahrain,65,Bahrain,22,Bahrain,180,Bahrain,843,Bahrain,33,Bahrain,26,Bahrain,17,Bahrain,39,Bahrain,0,Bahrain,0,Bahrain,0,Bahrain,1,Bahrain,"1,41,50,00,000",Bahrain,"52,15,00,00,000",Bahrain,4,Bahrain,"45,000",Bahrain,"55,000",Bahrain,"12,46,00,000",Bahrain,"8,06,505",Bahrain,"14,22,659",Bahrain,760,Bahrain,161,Bahrain,0,,
Bangladesh,0.7066,Bangladesh,177,Bangladesh,44,Bangladesh,0,Bangladesh,11,Bangladesh,57,Bangladesh,67,Bangladesh,0,Bangladesh,276,Bangladesh,"1,230",Bangladesh,18,Bangladesh,419,Bangladesh,72,Bangladesh,112,Bangladesh,0,Bangladesh,2,Bangladesh,0,Bangladesh,8,Bangladesh,"3,80,00,00,000",Bangladesh,"50,26,00,00,000",Bangladesh,18,Bangladesh,"3,666",Bangladesh,"1,12,000",Bangladesh,"2,80,00,000",Bangladesh,"7,89,13,289",Bangladesh,"15,94,53,001",Bangladesh,"1,43,998",Bangladesh,580,Bangladesh,"8,370",Bangladesh,"4,413"
Belarus,0.8179,Belarus,202,Belarus,39,Belarus,68,Belarus,4,Belarus,28,Belarus,63,Belarus,21,Belarus,532,Belarus,"1,560",Belarus,482,Belarus,228,Belarus,238,Belarus,0,,,,,,,,,Belarus,"62,37,02,800",Belarus,"39,92,00,00,000",Belarus,65,Belarus,"32,000",Belarus,"1,90,000",Belarus,"19,80,00,000",Belarus,"49,82,905",Belarus,"95,27,543",Belarus,"2,07,600",,,Belarus,"2,500",Belarus,"3,599"
Belgium,1.0499,Belgium,148,Belgium,43,Belgium,0,Belgium,12,Belgium,64,Belgium,29,Belgium,0,Belgium,0,Belgium,984,Belgium,0,Belgium,0,Belgium,0,Belgium,17,Belgium,0,Belgium,0,Belgium,0,Belgium,2,Belgium,"4,92,10,00,000",Belgium,"12,81,00,00,00,000",Belgium,41,Belgium,0,Belgium,"6,45,000",Belgium,0,Belgium,"48,33,107",Belgium,"1,15,70,762",Belgium,"30,528",Belgium,67,Belgium,"2,043",Belgium,"1,297"
Bhutan,10.1681,Bhutan,2,Bhutan,0,Bhutan,0,Bhutan,0,Bhutan,0,Bhutan,2,Bhutan,0,Bhutan,0,Bhutan,27,Bhutan,0,Bhutan,0,Bhutan,0,Bhutan,0,,,,,,,,,Bhutan,"2,51,20,000",Bhutan,"2,67,10,00,000",Bhutan,2,Bhutan,0,Bhutan,"2,000",Bhutan,0,Bhutan,"1,76,808",Bhutan,"7,66,397",Bhutan,"38,394",,,Bhutan,0,Bhutan,"1,136"
Bolivia,0.9942,Bolivia,69,Bolivia,0,Bolivia,0,Bolivia,14,Bolivia,23,Bolivia,38,Bolivia,0,Bolivia,54,Bolivia,137,Bolivia,0,Bolivia,86,Bolivia,0,Bolivia,173,Bolivia,0,Bolivia,0,Bolivia,0,Bolivia,0,Bolivia,"66,00,00,000",Bolivia,"12,81,00,00,000",Bolivia,855,Bolivia,"59,330",Bolivia,"60,000",Bolivia,"21,15,00,000",Bolivia,"50,75,416",Bolivia,"1,13,06,341",Bolivia,"10,98,581",,,Bolivia,"10,000",Bolivia,"7,252"
Bosnia and Herzegovina,3.8586,Bosnia and Herzegovina,19,Bosnia and Herzegovina,0,Bosnia and Herzegovina,0,Bosnia and Herzegovina,0,Bosnia and Herzegovina,0,Bosnia and Herzegovina,19,Bosnia and Herzegovina,0,Bosnia and Herzegovina,320,Bosnia and Herzegovina,332,Bosnia and Herzegovina,24,Bosnia and Herzegovina,837,Bosnia and Herzegovina,143,Bosnia and Herzegovina,0,Bosnia and Herzegovina,0,Bosnia and Herzegovina,0,Bosnia and Herzegovina,0,Bosnia and Herzegovina,0,Bosnia and Herzegovina,"16,50,00,000",Bosnia and Herzegovina,"10,87,00,00,000",Bosnia and Herzegovina,24,Bosnia and Herzegovina,0,Bosnia and Herzegovina,"32,500",Bosnia and Herzegovina,0,Bosnia and Herzegovina,"23,94,632",Bosnia and Herzegovina,"38,49,891",Bosnia and Herzegovina,"51,197",Bosnia and Herzegovina,20,Bosnia and Herzegovina,0,Bosnia and Herzegovina,"1,543"
Botswana,2.0582,Botswana,45,Botswana,10,Botswana,0,Botswana,11,Botswana,8,Botswana,16,Botswana,0,Botswana,55,Botswana,245,Botswana,0,Botswana,30,Botswana,20,,,,,,,,,,,Botswana,"45,00,00,000",Botswana,"2,18,70,00,000",Botswana,74,Botswana,0,Botswana,"16,500",Botswana,0,Botswana,"9,62,617",Botswana,"22,49,104",Botswana,"5,81,730",,,Botswana,0,Botswana,"4,347"
Brazil,0.1988,Brazil,715,Brazil,43,Brazil,78,Brazil,126,Brazil,198,Brazil,242,Brazil,12,Brazil,437,Brazil,"1,820",Brazil,132,Brazil,565,Brazil,84,Brazil,112,Brazil,0,Brazil,6,Brazil,0,Brazil,7,Brazil,"27,80,00,00,000",Brazil,"5,47,40,00,00,000",Brazil,"4,093",Brazil,"26,22,000",Brazil,"30,20,000",Brazil,"13,00,00,00,000",Brazil,"10,77,64,996",Brazil,"20,88,46,892",Brazil,"85,14,877",Brazil,"7,491",Brazil,"50,000",Brazil,"16,145"
Bulgaria,0.8916,Bulgaria,63,Bulgaria,13,Bulgaria,4,Bulgaria,5,Bulgaria,20,Bulgaria,25,Bulgaria,2,Bulgaria,710,Bulgaria,"2,000",Bulgaria,506,Bulgaria,350,Bulgaria,192,Bulgaria,29,Bulgaria,0,Bulgaria,0,Bulgaria,0,Bulgaria,4,Bulgaria,"1,07,90,00,000",Bulgaria,"42,06,00,00,000",Bulgaria,68,Bulgaria,"1,000",Bulgaria,"1,15,000",Bulgaria,"1,50,00,000",Bulgaria,"32,78,916",Bulgaria,"70,57,504",Bulgaria,"1,10,880",Bulgaria,354,Bulgaria,470,Bulgaria,"1,806"
Burkina Faso,1.9009,Burkina Faso,16,Burkina Faso,0,Burkina Faso,3,Burkina Faso,1,Burkina Faso,4,Burkina Faso,8,Burkina Faso,2,Burkina Faso,0,Burkina Faso,350,Burkina Faso,0,Burkina Faso,0,Burkina Faso,0,,,,,,,,,,,Burkina Faso,"13,00,00,000",Burkina Faso,"3,05,60,00,000",Burkina Faso,23,Burkina Faso,0,Burkina Faso,"10,500",Burkina Faso,0,Burkina Faso,"78,00,000",Burkina Faso,"1,97,42,715",Burkina Faso,"2,74,200",,,Burkina Faso,0,Burkina Faso,"3,611"
Cambodia,2.0557,Cambodia,22,Cambodia,0,Cambodia,0,Cambodia,5,Cambodia,0,Cambodia,17,Cambodia,0,Cambodia,263,Cambodia,340,Cambodia,0,Cambodia,150,Cambodia,570,Cambodia,27,Cambodia,0,Cambodia,0,Cambodia,0,Cambodia,0,Cambodia,"60,40,00,000",Cambodia,"11,87,00,00,000",Cambodia,16,Cambodia,0,Cambodia,"42,500",Cambodia,0,Cambodia,"81,20,963",Cambodia,"1,64,49,519",Cambodia,"1,81,035",Cambodia,443,Cambodia,"3,700",Cambodia,"2,530"
Cameroon,1.9902,Cameroon,29,Cameroon,0,Cameroon,0,Cameroon,6,Cameroon,6,Cameroon,15,Cameroon,0,Cameroon,0,Cameroon,222,Cameroon,8,Cameroon,61,Cameroon,20,Cameroon,64,Cameroon,0,Cameroon,0,Cameroon,0,Cameroon,0,Cameroon,"34,70,00,000",Cameroon,"9,37,50,00,000",Cameroon,33,Cameroon,"75,720",Cameroon,"32,500",Cameroon,"20,00,00,000",Cameroon,"94,87,157",Cameroon,"2,56,40,965",Cameroon,"4,75,440",Cameroon,400,Cameroon,0,Cameroon,"5,018"
Canada,0.3712,Canada,385,Canada,62,Canada,0,Canada,38,Canada,135,Canada,145,Canada,0,Canada,80,Canada,"1,973",Canada,0,Canada,133,Canada,0,Canada,64,Canada,0,Canada,4,Canada,0,Canada,12,Canada,"22,50,00,00,000",Canada,"16,08,00,00,00,000",Canada,"1,467",Canada,"39,77,000",Canada,"25,00,000",Canada,"1,69,70,00,00,000",Canada,"1,61,10,865",Canada,"3,58,81,659",Canada,"99,84,670",Canada,"2,02,080",Canada,636,Canada,"8,893"
Central African Republic,3.2889,Central African Republic,3,Central African Republic,0,Central African Republic,0,Central African Republic,2,Central African Republic,0,Central African Republic,1,Central African Republic,0,Central African Republic,4,Central African Republic,55,Central African Republic,0,Central African Republic,20,Central African Republic,0,,,,,,,,,,,Central African Republic,"2,00,00,000",Central African Republic,"77,99,00,000",Central African Republic,39,Central African Republic,0,Central African Republic,"4,500",Central African Republic,0,Central African Republic,"23,48,581",Central African Republic,"57,45,062",Central African Republic,"6,22,984",,,Central African Republic,"2,800",Central African Republic,"5,920"
Chad,1.6383,Chad,35,Chad,0,Chad,6,Chad,6,Chad,4,Chad,17,Chad,3,Chad,60,Chad,372,Chad,10,Chad,51,Chad,10,,,,,,,,,,,Chad,"20,00,00,000",Chad,"1,72,40,00,000",Chad,59,Chad,"1,28,000",Chad,"1,00,000",Chad,"1,50,00,00,000",Chad,"60,30,834",Chad,"1,58,33,116",Chad,"12,84,000",,,Chad,0,Chad,"6,406"
Chile,0.7668,Chile,282,Chile,44,Chile,0,Chile,30,Chile,93,Chile,92,Chile,0,Chile,300,Chile,"1,430",Chile,48,Chile,158,Chile,10,Chile,69,Chile,0,Chile,4,Chile,0,Chile,10,Chile,"4,25,00,00,000",Chile,"1,83,40,00,00,000",Chile,481,Chile,"3,244",Chile,"3,25,000",Chile,"15,00,00,000",Chile,"86,57,902",Chile,"1,79,25,262",Chile,"7,56,102",Chile,"6,435",Chile,"12,290",Chile,"7,801"
China,0.0691,China,"3,210",China,"1,232",China,371,China,224,China,314,China,911,China,281,China,"3,500",China,"33,000",China,"3,800",China,"3,600",China,"2,650",China,777,China,2,China,74,China,36,China,52,China,"2,37,00,00,00,000",China,"15,98,00,00,00,000",China,507,China,"38,38,000",China,"1,35,00,000",China,"25,62,00,00,000",China,"75,28,55,402",China,"1,38,46,88,986",China,"95,96,961",China,"14,500",China,"1,10,000",China,"22,457"
Colombia,0.6045,Colombia,469,Colombia,21,Colombia,38,Colombia,76,Colombia,80,Colombia,224,Colombia,0,Colombia,0,Colombia,595,Colombia,6,Colombia,110,Colombia,0,Colombia,453,Colombia,0,Colombia,11,Colombia,0,Colombia,4,Colombia,"10,60,00,00,000",Colombia,"1,24,60,00,00,000",Colombia,836,Colombia,"8,53,600",Colombia,"3,00,000",Colombia,"2,00,20,00,000",Colombia,"2,40,84,498",Colombia,"4,81,68,996",Colombia,"11,38,910",Colombia,"3,208",Colombia,"24,725",Colombia,"6,672"
Croatia,1.0183,Croatia,78,Croatia,12,Croatia,0,Croatia,0,Croatia,27,Croatia,47,Croatia,0,Croatia,72,Croatia,604,Croatia,24,Croatia,151,Croatia,105,Croatia,28,Croatia,0,Croatia,0,Croatia,0,Croatia,0,Croatia,"80,00,00,000",Croatia,"48,10,00,00,000",Croatia,69,Croatia,"14,000",Croatia,"82,000",Croatia,"7,10,00,000",Croatia,"20,88,265",Croatia,"42,70,480",Croatia,"56,594",Croatia,"5,835",Croatia,785,Croatia,"2,237"
Cuba,1.2208,Cuba,80,Cuba,38,Cuba,0,Cuba,2,Cuba,26,Cuba,14,Cuba,4,Cuba,"1,180",Cuba,670,Cuba,100,Cuba,150,Cuba,100,Cuba,12,Cuba,0,Cuba,0,Cuba,0,Cuba,2,Cuba,"50,00,00,000",Cuba,"30,06,00,00,000",Cuba,133,Cuba,"50,000",Cuba,"1,52,000",Cuba,"12,40,00,000",Cuba,"59,80,621",Cuba,"1,11,16,396",Cuba,"1,10,860",Cuba,"3,735",Cuba,240,Cuba,29
Czechia,0.5531,Czechia,95,Czechia,12,Czechia,16,Czechia,8,Czechia,15,Czechia,44,Czechia,15,Czechia,116,Czechia,682,Czechia,86,Czechia,85,Czechia,0,,,,,,,,,,,Czechia,"2,96,90,00,000",Czechia,"2,05,20,00,00,000",Czechia,128,Czechia,"2,000",Czechia,"2,00,000",Czechia,"1,50,00,000",Czechia,"50,11,174",Czechia,"1,06,86,269",Czechia,"78,867",,,Czechia,664,Czechia,"2,046"
Democratic Republic of the Congo,1.1389,Democratic Republic of the Congo,53,Democratic Republic of the Congo,2,Democratic Republic of the Congo,4,Democratic Republic of the Congo,13,Democratic Republic of the Congo,0,Democratic Republic of the Congo,34,Democratic Republic of the Congo,8,Democratic Republic of the Congo,175,Democratic Republic of the Congo,100,Democratic Republic of the Congo,16,Democratic Republic of the Congo,120,Democratic Republic of the Congo,57,Democratic Republic of the Congo,20,Democratic Republic of the Congo,0,Democratic Republic of the Congo,0,Democratic Republic of the Congo,0,Democratic Republic of the Congo,0,Democratic Republic of the Congo,"10,00,00,000",Democratic Republic of the Congo,"4,96,30,00,000",Democratic Republic of the Congo,198,Democratic Republic of the Congo,"19,160",Democratic Republic of the Congo,"10,500",Democratic Republic of the Congo,"18,00,00,000",Democratic Republic of the Congo,"3,41,12,410",Democratic Republic of the Congo,"8,52,81,024",Democratic Republic of the Congo,"23,44,858",Democratic Republic of the Congo,37,Democratic Republic of the Congo,"15,000",Democratic Republic of the Congo,"10,481"
Denmark,0.7878,Denmark,113,Denmark,33,Denmark,0,Denmark,4,Denmark,38,Denmark,35,Denmark,0,Denmark,57,Denmark,972,Denmark,22,Denmark,0,Denmark,0,Denmark,74,Denmark,0,Denmark,0,Denmark,0,Denmark,9,Denmark,"4,76,00,00,000",Denmark,"4,84,80,00,00,000",Denmark,80,Denmark,"1,37,100",Denmark,"1,62,000",Denmark,"49,06,00,000",Denmark,"25,90,457",Denmark,"58,09,502",Denmark,"43,094",Denmark,"7,314",Denmark,400,Denmark,140
Dominican Republic,2.7504,Dominican Republic,49,Dominican Republic,0,Dominican Republic,8,Dominican Republic,10,Dominican Republic,4,Dominican Republic,28,Dominican Republic,0,Dominican Republic,6,Dominican Republic,20,Dominican Republic,0,Dominican Republic,20,Dominican Republic,0,Dominican Republic,33,Dominican Republic,0,Dominican Republic,0,Dominican Republic,0,Dominican Republic,0,Dominican Republic,"76,00,00,000",Dominican Republic,"29,16,00,00,000",Dominican Republic,36,Dominican Republic,0,Dominican Republic,"1,25,000",Dominican Republic,0,Dominican Republic,"48,19,818",Dominican Republic,"1,02,98,756",Dominican Republic,"48,320",Dominican Republic,"1,288",Dominican Republic,350,Dominican Republic,376
Ecuador,1.0062,Ecuador,108,Ecuador,9,Ecuador,0,Ecuador,22,Ecuador,29,Ecuador,50,Ecuador,0,Ecuador,232,Ecuador,413,Ecuador,15,Ecuador,102,Ecuador,26,Ecuador,19,Ecuador,0,Ecuador,2,Ecuador,0,Ecuador,2,Ecuador,"2,50,00,00,000",Ecuador,"39,29,00,00,000",Ecuador,432,Ecuador,"5,31,300",Ecuador,"2,82,000",Ecuador,"8,27,30,00,000",Ecuador,"76,96,551",Ecuador,"1,64,98,502",Ecuador,"2,83,560",Ecuador,"2,237",Ecuador,"1,500",Ecuador,"2,237"
Egypt,0.1872,Egypt,"1,054",Egypt,215,Egypt,88,Egypt,59,Egypt,387,Egypt,294,Egypt,81,Egypt,"4,295",Egypt,"11,700",Egypt,"1,139",Egypt,"2,189",Egypt,"1,084",Egypt,316,Egypt,2,Egypt,8,Egypt,0,Egypt,7,Egypt,"11,20,00,00,000",Egypt,"77,47,00,00,000",Egypt,83,Egypt,"5,89,400",Egypt,"8,32,000",Egypt,"4,40,00,00,000",Egypt,"4,29,46,553",Egypt,"9,94,13,317",Egypt,"10,01,450",Egypt,"2,450",Egypt,"3,500",Egypt,"2,612"
El Salvador,3.1291,El Salvador,51,El Salvador,0,El Salvador,15,El Salvador,2,El Salvador,3,El Salvador,31,El Salvador,0,El Salvador,0,El Salvador,125,El Salvador,0,El Salvador,70,El Salvador,0,El Salvador,4,El Salvador,0,El Salvador,0,El Salvador,0,El Salvador,0,El Salvador,"16,70,00,000",El Salvador,"15,51,00,00,000",El Salvador,68,El Salvador,0,El Salvador,"45,600",El Salvador,0,El Salvador,"31,06,010",El Salvador,"61,87,271",El Salvador,"21,041",El Salvador,307,El Salvador,0,El Salvador,590
Estonia,2.5893,Estonia,7,Estonia,0,Estonia,0,Estonia,2,Estonia,5,Estonia,4,Estonia,0,Estonia,0,Estonia,181,Estonia,18,Estonia,66,Estonia,0,Estonia,6,Estonia,0,Estonia,0,Estonia,0,Estonia,0,Estonia,"68,50,00,000",Estonia,"19,05,00,00,000",Estonia,18,Estonia,0,Estonia,"27,500",Estonia,0,Estonia,"5,96,014",Estonia,"12,44,288",Estonia,"45,228",Estonia,"3,794",Estonia,335,Estonia,657
Ethiopia,0.8581,Ethiopia,86,Ethiopia,24,Ethiopia,0,Ethiopia,9,Ethiopia,20,Ethiopia,33,Ethiopia,8,Ethiopia,400,Ethiopia,114,Ethiopia,67,Ethiopia,650,Ethiopia,183,,,,,,,,,,,Ethiopia,"35,00,00,000",Ethiopia,"26,05,00,00,000",Ethiopia,57,Ethiopia,0,Ethiopia,"55,000",Ethiopia,"4,28,000",Ethiopia,"4,11,43,474",Ethiopia,"10,83,86,391",Ethiopia,"11,04,300",,,Ethiopia,"1,04,300",Ethiopia,"5,925"
Finland,0.8498,Finland,194,Finland,55,Finland,0,Finland,11,Finland,105,Finland,127,Finland,0,Finland,200,Finland,"2,050",Finland,100,Finland,627,Finland,75,Finland,246,Finland,0,Finland,0,Finland,0,Finland,0,Finland,"3,57,00,00,000",Finland,"1,50,60,00,00,000",Finland,148,Finland,0,Finland,"2,05,000",Finland,0,Finland,"23,07,420",Finland,"55,37,364",Finland,"3,38,145",Finland,"1,250",Finland,"7,842",Finland,"2,563"
France,0.1702,France,"1,229",France,269,France,0,France,121,France,187,France,589,France,62,France,528,France,"6,028",France,109,France,12,France,13,France,180,France,4,France,9,France,11,France,11,France,"41,50,00,00,000",France,"53,60,00,00,00,000",France,464,France,"15,170",France,"16,00,000",France,"7,23,50,000",France,"3,01,11,868",France,"6,73,64,357",France,"6,43,801",France,"4,853",France,"8,501",France,"4,072"
Gabon,3.3736,Gabon,23,Gabon,6,Gabon,0,Gabon,2,Gabon,0,Gabon,15,Gabon,0,Gabon,0,Gabon,70,Gabon,0,Gabon,16,Gabon,0,Gabon,10,Gabon,0,Gabon,0,Gabon,0,Gabon,0,Gabon,"8,30,00,000",Gabon,"6,49,00,00,000",Gabon,44,Gabon,"1,98,800",Gabon,"16,500",Gabon,"2,00,00,00,000",Gabon,"8,42,741",Gabon,"21,19,036",Gabon,"2,67,667",Gabon,885,Gabon,"1,600",Gabon,"3,261"
Georgia,1.6679,Georgia,66,Georgia,0,Georgia,10,Georgia,2,Georgia,12,Georgia,38,Georgia,9,Georgia,143,Georgia,950,Georgia,69,Georgia,133,Georgia,51,Georgia,9,Georgia,0,Georgia,0,Georgia,0,Georgia,0,Georgia,"32,70,00,000",Georgia,"16,99,00,00,000",Georgia,22,Georgia,400,Georgia,"18,500",Georgia,"3,50,00,000",Georgia,"22,49,744",Georgia,"49,26,087",Georgia,"69,700",Georgia,310,Georgia,"4,349",Georgia,"1,814"
Germany,0.2186,Germany,712,Germany,128,Germany,74,Germany,71,Germany,26,Germany,386,Germany,56,Germany,245,Germany,"4,583",Germany,108,Germany,0,Germany,38,Germany,80,Germany,0,Germany,6,Germany,0,Germany,9,Germany,"50,00,00,00,000",Germany,"53,26,00,00,00,000",Germany,539,Germany,"43,410",Germany,"25,00,000",Germany,"14,54,00,000",Germany,"3,70,10,559",Germany,"8,04,57,737",Germany,"3,57,022",Germany,"2,389",Germany,"7,467",Germany,"3,694"
Ghana,2.0554,Ghana,24,Ghana,0,Ghana,0,Ghana,3,Ghana,6,Ghana,13,Ghana,0,Ghana,0,Ghana,150,Ghana,0,Ghana,0,Ghana,0,Ghana,20,Ghana,0,Ghana,0,Ghana,0,Ghana,0,Ghana,"71,00,00,000",Ghana,"22,14,00,00,000",Ghana,10,Ghana,"1,51,000",Ghana,"65,000",Ghana,"66,00,00,000",Ghana,"1,25,61,805",Ghana,"2,81,02,471",Ghana,"2,38,533",Ghana,539,Ghana,"1,293",Ghana,"2,420"
Greece,0.5311,Greece,566,Greece,187,Greece,0,Greece,15,Greece,143,Greece,231,Greece,29,Greece,"1,355",Greece,"3,691",Greece,547,Greece,463,Greece,152,Greece,116,Greece,0,Greece,11,Greece,0,Greece,13,Greece,"4,84,40,00,000",Greece,"5,06,60,00,00,000",Greece,77,Greece,"2,753",Greece,"3,50,000",Greece,"1,00,00,000",Greece,"49,93,347",Greece,"1,07,61,523",Greece,"1,31,957",Greece,"13,676",Greece,6,Greece,"1,110"
Guatemala,1.8302,Guatemala,33,Guatemala,0,Guatemala,4,Guatemala,8,Guatemala,6,Guatemala,15,Guatemala,0,Guatemala,12,Guatemala,135,Guatemala,0,Guatemala,106,Guatemala,0,Guatemala,26,Guatemala,0,Guatemala,0,Guatemala,0,Guatemala,0,Guatemala,"24,00,00,000",Guatemala,"22,92,00,00,000",Guatemala,291,Guatemala,"9,666",Guatemala,"85,000",Guatemala,"8,30,70,000",Guatemala,"70,63,622",Guatemala,"1,65,81,273",Guatemala,"1,08,889",Guatemala,400,Guatemala,990,Guatemala,"1,667"
Honduras,2.0943,Honduras,46,Honduras,3,Honduras,9,Honduras,11,Honduras,10,Honduras,12,Honduras,0,Honduras,19,Honduras,92,Honduras,0,Honduras,176,Honduras,0,Honduras,59,Honduras,0,Honduras,0,Honduras,0,Honduras,0,Honduras,"20,50,00,000",Honduras,"8,62,50,00,000",Honduras,103,Honduras,0,Honduras,"60,000",Honduras,0,Honduras,"41,04,696",Honduras,"91,82,766",Honduras,"1,12,090",Honduras,832,Honduras,465,Honduras,"1,575"
Hungary,0.8215,Hungary,47,Hungary,12,Hungary,0,Hungary,5,Hungary,6,Hungary,24,Hungary,8,Hungary,30,Hungary,944,Hungary,0,Hungary,300,Hungary,0,,,,,,,,,,,Hungary,"2,08,00,00,000",Hungary,"1,38,10,00,00,000",Hungary,41,Hungary,"14,000",Hungary,"1,45,000",Hungary,"2,51,00,000",Hungary,"46,18,081",Hungary,"98,25,704",Hungary,"1,03,000",,,Hungary,"1,622",Hungary,"2,106"
India,0.0953,India,"2,123",India,538,India,172,India,250,India,359,India,722,India,23,India,"4,292",India,"8,686",India,235,India,"4,060",India,266,India,285,India,1,India,16,India,10,India,13,India,"61,00,00,00,000",India,"5,01,60,00,00,000",India,346,India,"7,33,900",India,"50,00,000",India,"4,62,10,00,000",India,"62,24,80,340",India,"1,29,68,34,042",India,"32,87,263",India,"7,000",India,"14,500",India,"13,888"
Indonesia,0.2544,Indonesia,462,Indonesia,41,Indonesia,39,Indonesia,54,Indonesia,109,Indonesia,177,Indonesia,16,Indonesia,313,Indonesia,"1,178",Indonesia,153,Indonesia,366,Indonesia,36,Indonesia,282,Indonesia,0,Indonesia,5,Indonesia,0,Indonesia,7,Indonesia,"7,60,00,00,000",Indonesia,"3,44,40,00,00,000",Indonesia,673,Indonesia,"8,01,700",Indonesia,"16,30,000",Indonesia,"3,23,00,00,000",Indonesia,"13,08,68,127",Indonesia,"26,27,87,403",Indonesia,"19,04,569",Indonesia,"54,716",Indonesia,"21,579",Indonesia,"2,958"
Iran,0.2191,Iran,509,Iran,155,Iran,23,Iran,62,Iran,94,Iran,100,Iran,12,Iran,"2,056",Iran,"4,300",Iran,570,Iran,"2,088",Iran,"1,935",Iran,398,Iran,0,Iran,34,Iran,0,Iran,7,Iran,"19,60,00,00,000",Iran,"7,99,50,00,000",Iran,319,Iran,"44,69,000",Iran,"20,00,000",Iran,"1,58,40,00,00,000",Iran,"4,73,24,105",Iran,"8,30,24,745",Iran,"16,48,195",Iran,"2,440",Iran,850,Iran,"5,894"
Iraq,0.7911,Iraq,348,Iraq,26,Iraq,33,Iraq,16,Iraq,102,Iraq,186,Iraq,40,Iraq,309,Iraq,"4,739",Iraq,44,Iraq,120,Iraq,30,Iraq,60,Iraq,0,Iraq,0,Iraq,0,Iraq,0,Iraq,"1,73,00,00,000",Iraq,"73,02,00,00,000",Iraq,102,Iraq,"44,54,000",Iraq,"8,25,000",Iraq,"1,42,50,00,00,000",Iraq,"1,63,99,240",Iraq,"4,01,94,216",Iraq,"4,38,317",Iraq,58,Iraq,"5,279",Iraq,"3,809"
Ireland,1.9481,Ireland,19,Ireland,0,Ireland,0,Ireland,0,Ireland,8,Ireland,8,Ireland,0,Ireland,0,Ireland,124,Ireland,0,Ireland,0,Ireland,0,Ireland,8,Ireland,0,Ireland,0,Ireland,0,Ireland,0,Ireland,"87,00,00,000",Ireland,"24,70,00,00,00,000",Ireland,40,Ireland,0,Ireland,"1,45,000",Ireland,0,Ireland,"23,66,779",Ireland,"50,68,050",Ireland,"70,273",Ireland,"1,448",Ireland,956,Ireland,443
Israel,0.3111,Israel,589,Israel,259,Israel,18,Israel,15,Israel,154,Israel,146,Israel,48,Israel,"2,760",Israel,"10,275",Israel,650,Israel,300,Israel,100,Israel,65,Israel,0,Israel,5,Israel,0,Israel,0,Israel,"20,00,00,00,000",Israel,"88,66,00,00,000",Israel,47,Israel,390,Israel,"2,50,000",Israel,"1,27,30,000",Israel,"36,47,983",Israel,"84,24,904",Israel,"20,770",Israel,273,Israel,0,Israel,"1,068"
Italy,0.2111,Italy,860,Italy,99,Italy,110,Italy,38,Italy,185,Italy,439,Italy,59,Italy,200,Italy,"6,947",Italy,54,Italy,108,Italy,21,Italy,249,Italy,2,Italy,8,Italy,4,Italy,12,Italy,"27,80,00,00,000",Italy,"24,44,00,00,00,000",Italy,129,Italy,"77,530",Italy,"13,00,000",Italy,"55,67,00,000",Italy,"2,80,11,003",Italy,"6,22,46,674",Italy,"3,01,340",Italy,"7,600",Italy,"2,400",Italy,"1,836"
Ivory Coast,2.0236,Ivory Coast,8,Ivory Coast,0,Ivory Coast,0,Ivory Coast,4,Ivory Coast,0,Ivory Coast,4,Ivory Coast,3,Ivory Coast,15,Ivory Coast,109,Ivory Coast,0,Ivory Coast,7,Ivory Coast,6,Ivory Coast,10,Ivory Coast,0,Ivory Coast,0,Ivory Coast,0,Ivory Coast,0,Ivory Coast,"55,00,00,000",Ivory Coast,"13,07,00,00,000",Ivory Coast,27,Ivory Coast,"54,000",Ivory Coast,"25,600",Ivory Coast,"10,00,00,000",Ivory Coast,"1,11,60,747",Ivory Coast,"2,62,60,582",Ivory Coast,"3,22,463",Ivory Coast,515,Ivory Coast,980,Ivory Coast,"3,458"
Japan,0.1501,Japan,"1,561",Japan,279,Japan,12,Japan,60,Japan,427,Japan,637,Japan,119,Japan,"1,004",Japan,"3,130",Japan,238,Japan,500,Japan,99,Japan,155,Japan,4,Japan,20,Japan,40,Japan,0,Japan,"49,00,00,00,000",Japan,"32,40,00,00,00,000",Japan,175,Japan,"3,841",Japan,"40,00,000",Japan,"4,41,20,000",Japan,"5,38,73,803",Japan,"12,61,68,156",Japan,"3,77,915",Japan,"29,751",Japan,"1,770",,
Jordan,1.1441,Jordan,278,Jordan,44,Jordan,4,Jordan,16,Jordan,75,Jordan,146,Jordan,47,Jordan,"1,313",Jordan,"2,897",Jordan,461,Jordan,72,Jordan,88,Jordan,37,Jordan,0,Jordan,0,Jordan,0,Jordan,0,Jordan,"2,60,00,00,000",Jordan,"29,34,00,00,000",Jordan,18,Jordan,22,Jordan,"1,10,000",Jordan,"10,00,000",Jordan,"33,46,692",Jordan,"1,04,58,413",Jordan,"89,342",Jordan,26,Jordan,540,Jordan,"1,744"
Kazakhstan,0.9098,Kazakhstan,222,Kazakhstan,76,Kazakhstan,39,Kazakhstan,18,Kazakhstan,18,Kazakhstan,71,Kazakhstan,18,Kazakhstan,650,Kazakhstan,800,Kazakhstan,0,Kazakhstan,300,Kazakhstan,100,Kazakhstan,15,Kazakhstan,0,Kazakhstan,0,Kazakhstan,0,Kazakhstan,0,Kazakhstan,"4,00,00,00,000",Kazakhstan,"1,67,50,00,00,000",Kazakhstan,96,Kazakhstan,"17,77,000",Kazakhstan,"2,45,000",Kazakhstan,"30,00,00,00,000",Kazakhstan,"85,85,003",Kazakhstan,"1,87,44,548",Kazakhstan,"27,24,900",Kazakhstan,26,Kazakhstan,0,Kazakhstan,"13,364"
Kenya,1.5287,Kenya,150,Kenya,17,Kenya,0,Kenya,20,Kenya,32,Kenya,79,Kenya,0,Kenya,76,Kenya,479,Kenya,30,Kenya,25,Kenya,0,Kenya,19,Kenya,0,Kenya,0,Kenya,0,Kenya,0,Kenya,"12,10,00,000",Kenya,"27,59,00,00,000",Kenya,197,Kenya,0,Kenya,"82,000",Kenya,0,Kenya,"1,96,00,998",Kenya,"4,83,97,527",Kenya,"5,80,367",Kenya,536,Kenya,0,Kenya,"3,457"
Kuwait,1.5701,Kuwait,85,Kuwait,27,Kuwait,0,Kuwait,2,Kuwait,13,Kuwait,40,Kuwait,16,Kuwait,367,Kuwait,745,Kuwait,98,Kuwait,0,Kuwait,27,Kuwait,38,Kuwait,0,Kuwait,0,Kuwait,0,Kuwait,0,Kuwait,"6,83,10,00,000",Kuwait,"47,24,00,00,000",Kuwait,7,Kuwait,"27,53,000",Kuwait,"3,45,000",Kuwait,"1,01,50,00,00,000",Kuwait,"16,41,971",Kuwait,"29,16,467",Kuwait,"17,818",Kuwait,499,Kuwait,0,Kuwait,475
Kyrgyzstan,1.9244,Kyrgyzstan,5,Kyrgyzstan,0,Kyrgyzstan,0,Kyrgyzstan,0,Kyrgyzstan,0,Kyrgyzstan,5,Kyrgyzstan,2,Kyrgyzstan,150,Kyrgyzstan,385,Kyrgyzstan,30,Kyrgyzstan,141,Kyrgyzstan,21,,,,,,,,,,,Kyrgyzstan,"2,00,00,000",Kyrgyzstan,"8,16,40,00,000",Kyrgyzstan,28,Kyrgyzstan,"1,000",Kyrgyzstan,"17,200",Kyrgyzstan,"4,00,00,000",Kyrgyzstan,"30,29,935",Kyrgyzstan,"58,49,296",Kyrgyzstan,"1,99,951",,,Kyrgyzstan,600,Kyrgyzstan,"4,573"
Laos,3.4433,Laos,33,Laos,0,Laos,0,Laos,2,Laos,4,Laos,27,Laos,0,Laos,65,Laos,30,Laos,0,Laos,62,Laos,0,Laos,36,Laos,0,Laos,0,Laos,0,Laos,0,Laos,"1,85,00,000",Laos,"14,90,00,00,000",Laos,41,Laos,0,Laos,"4,500",Laos,0,Laos,"32,48,143",Laos,"72,34,171",Laos,"2,36,800",,,Laos,"4,600",Laos,"5,274"
Latvia,2.0145,Latvia,5,Latvia,0,Latvia,0,Latvia,0,Latvia,12,Latvia,5,Latvia,0,Latvia,0,Latvia,303,Latvia,47,Latvia,20,Latvia,0,Latvia,18,Latvia,0,Latvia,0,Latvia,0,Latvia,0,Latvia,"72,40,00,000",Latvia,"40,02,00,00,000",Latvia,42,Latvia,0,Latvia,"32,500",Latvia,0,Latvia,"8,40,595",Latvia,"19,23,559",Latvia,"64,589",Latvia,498,Latvia,300,Latvia,"1,370"
Lebanon,2.5193,Lebanon,70,Lebanon,0,Lebanon,9,Lebanon,0,Lebanon,0,Lebanon,55,Lebanon,0,Lebanon,366,Lebanon,"2,228",Lebanon,12,Lebanon,374,Lebanon,30,Lebanon,57,Lebanon,0,Lebanon,0,Lebanon,0,Lebanon,0,Lebanon,"2,50,00,00,000",Lebanon,"39,30,00,00,000",Lebanon,8,Lebanon,0,Lebanon,"1,10,000",Lebanon,0,Lebanon,"21,35,026",Lebanon,"61,00,075",Lebanon,"10,400",Lebanon,225,Lebanon,170,Lebanon,484
Liberia,5.5737,Liberia,0,Liberia,0,Liberia,0,Liberia,0,Liberia,0,Liberia,0,Liberia,0,Liberia,0,Liberia,0,Liberia,0,Liberia,0,Liberia,0,Liberia,0,Liberia,0,Liberia,0,Liberia,0,Liberia,0,Liberia,"1,30,00,000",Liberia,"1,03,60,00,000",Liberia,29,Liberia,0,Liberia,"4,500",Liberia,0,Liberia,"22,26,923",Liberia,"48,09,768",Liberia,"1,11,369",Liberia,579,Liberia,0,Liberia,"1,667"
Libya,1.3696,Libya,114,Libya,17,Libya,2,Libya,4,Libya,62,Libya,26,Libya,7,Libya,250,Libya,450,Libya,50,Libya,100,Libya,55,Libya,5,Libya,0,Libya,0,Libya,0,Libya,1,Libya,"3,00,00,00,000",Libya,"3,02,00,00,000",Libya,146,Libya,"8,97,100",Libya,"3,15,000",Libya,"48,36,00,00,000",Libya,"35,52,871",Libya,"67,54,507",Libya,"17,59,540",Libya,"1,770",Libya,0,Libya,"4,339"
Lithuania,1.4752,Lithuania,10,Lithuania,0,Lithuania,0,Lithuania,5,Lithuania,0,Lithuania,5,Lithuania,0,Lithuania,0,Lithuania,420,Lithuania,56,Lithuania,54,Lithuania,0,Lithuania,12,Lithuania,0,Lithuania,0,Lithuania,0,Lithuania,0,Lithuania,"1,10,70,00,000",Lithuania,"34,48,00,00,000",Lithuania,61,Lithuania,"2,000",Lithuania,"72,400",Lithuania,"1,20,00,000",Lithuania,"17,79,322",Lithuania,"27,93,284",Lithuania,"65,300",Lithuania,90,Lithuania,441,Lithuania,"1,545"
Madagascar,3.0869,Madagascar,6,Madagascar,0,Madagascar,0,Madagascar,0,Madagascar,0,Madagascar,6,Madagascar,0,Madagascar,12,Madagascar,103,Madagascar,0,Madagascar,25,Madagascar,0,Madagascar,8,Madagascar,0,Madagascar,0,Madagascar,0,Madagascar,0,Madagascar,"11,50,00,000",Madagascar,"4,08,90,00,000",Madagascar,83,Madagascar,0,Madagascar,"18,500",Madagascar,0,Madagascar,"1,01,45,026",Madagascar,"2,56,83,610",Madagascar,"5,87,040",Madagascar,"4,828",Madagascar,600,,
Malaysia,0.6546,Malaysia,170,Malaysia,26,Malaysia,13,Malaysia,18,Malaysia,40,Malaysia,65,Malaysia,0,Malaysia,74,Malaysia,"1,387",Malaysia,0,Malaysia,211,Malaysia,54,Malaysia,61,Malaysia,0,Malaysia,2,Malaysia,0,Malaysia,6,Malaysia,"4,00,00,00,000",Malaysia,"2,17,20,00,00,000",Malaysia,114,Malaysia,"6,47,900",Malaysia,"8,35,000",Malaysia,"3,60,00,00,000",Malaysia,"1,52,01,837",Malaysia,"3,18,09,660",Malaysia,"3,29,847",Malaysia,"4,675",Malaysia,"7,200",Malaysia,"2,742"
Mali,1.8941,Mali,29,Mali,9,Mali,0,Mali,6,Mali,5,Mali,8,Mali,6,Mali,80,Mali,248,Mali,0,Mali,50,Mali,32,,,,,,,,,,,Mali,"7,00,00,000",Mali,"4,19,20,00,000",Mali,25,Mali,0,Mali,"5,500",Mali,0,Mali,"59,91,557",Mali,"1,84,29,893",Mali,"12,40,192",,,Mali,0,Mali,"7,908"
Mauritania,3.0477,Mauritania,28,Mauritania,0,Mauritania,2,Mauritania,6,Mauritania,9,Mauritania,4,Mauritania,0,Mauritania,35,Mauritania,95,Mauritania,0,Mauritania,224,Mauritania,0,Mauritania,5,Mauritania,0,Mauritania,0,Mauritania,0,Mauritania,0,Mauritania,"5,02,50,000",Mauritania,"4,15,00,00,000",Mauritania,30,Mauritania,"4,000",Mauritania,"18,500",Mauritania,"2,00,00,000",Mauritania,"15,55,374",Mauritania,"38,40,429",Mauritania,"10,30,700",Mauritania,754,Mauritania,0,Mauritania,"5,002"
Mexico,0.6065,Mexico,484,Mexico,3,Mexico,33,Mexico,43,Mexico,206,Mexico,202,Mexico,0,Mexico,0,Mexico,"2,199",Mexico,0,Mexico,265,Mexico,0,Mexico,189,Mexico,0,Mexico,0,Mexico,0,Mexico,4,Mexico,"7,00,00,00,000",Mexico,"4,45,80,00,00,000",Mexico,"1,714",Mexico,"19,81,000",Mexico,"20,00,000",Mexico,"7,64,00,00,000",Mexico,"6,04,60,418",Mexico,"12,59,59,205",Mexico,"19,64,375",Mexico,"9,330",Mexico,"2,900",Mexico,"4,389"
Moldova,2.1291,Moldova,3,Moldova,0,Moldova,0,Moldova,1,Moldova,0,Moldova,2,Moldova,0,Moldova,0,Moldova,341,Moldova,9,Moldova,52,Moldova,11,,,,,,,,,,,Moldova,"3,00,00,000",Moldova,"6,54,90,00,000",Moldova,7,Moldova,0,Moldova,"16,320",Moldova,0,Moldova,"20,14,503",Moldova,"34,37,720",Moldova,"33,851",,,Moldova,558,Moldova,"1,885"
Mongolia,2.0299,Mongolia,9,Mongolia,0,Mongolia,0,Mongolia,3,Mongolia,0,Mongolia,6,Mongolia,0,Mongolia,470,Mongolia,750,Mongolia,0,Mongolia,300,Mongolia,130,,,,,,,,,,,Mongolia,"15,50,00,000",Mongolia,"25,33,00,00,000",Mongolia,44,Mongolia,"20,000",Mongolia,"25,000",Mongolia,0,Mongolia,"18,18,609",Mongolia,"31,03,428",Mongolia,"15,64,116",,,Mongolia,580,Mongolia,"8,082"
Montenegro,2.9941,Montenegro,9,Montenegro,0,Montenegro,0,Montenegro,0,Montenegro,0,Montenegro,9,Montenegro,0,Montenegro,0,Montenegro,26,Montenegro,0,Montenegro,12,Montenegro,18,Montenegro,18,Montenegro,0,Montenegro,0,Montenegro,0,Montenegro,2,Montenegro,"6,50,00,000",Montenegro,"2,51,60,00,000",Montenegro,5,Montenegro,0,Montenegro,"4,860",Montenegro,0,Montenegro,"1,46,191",Montenegro,"6,14,249",Montenegro,"13,812",Montenegro,294,Montenegro,0,Montenegro,680
Morocco,0.8408,Morocco,214,Morocco,46,Morocco,0,Morocco,31,Morocco,67,Morocco,64,Morocco,0,Morocco,"1,443",Morocco,"2,901",Morocco,505,Morocco,200,Morocco,144,Morocco,121,Morocco,0,Morocco,0,Morocco,0,Morocco,3,Morocco,"10,00,00,00,000",Morocco,"51,48,00,00,000",Morocco,55,Morocco,160,Morocco,"2,06,000",Morocco,"6,84,000",Morocco,"1,71,57,065",Morocco,"3,43,14,130",Morocco,"4,46,550",Morocco,"1,835",Morocco,0,Morocco,"2,363"
Mozambique,2.3364,Mozambique,16,Mozambique,8,Mozambique,0,Mozambique,1,Mozambique,1,Mozambique,6,Mozambique,2,Mozambique,100,Mozambique,335,Mozambique,0,Mozambique,260,Mozambique,12,Mozambique,8,Mozambique,0,Mozambique,0,Mozambique,0,Mozambique,0,Mozambique,"24,50,00,000",Mozambique,"10,91,00,00,000",Mozambique,98,Mozambique,0,Mozambique,"22,500",Mozambique,0,Mozambique,"46,29,744",Mozambique,"2,72,33,789",Mozambique,"7,99,380",Mozambique,"2,470",Mozambique,460,Mozambique,"4,783"
Myanmar,0.5691,Myanmar,276,Myanmar,59,Myanmar,21,Myanmar,27,Myanmar,82,Myanmar,86,Myanmar,9,Myanmar,434,Myanmar,"1,300",Myanmar,108,Myanmar,"1,612",Myanmar,84,Myanmar,187,Myanmar,0,Myanmar,1,Myanmar,0,Myanmar,5,Myanmar,"2,65,00,00,000",Myanmar,"6,59,40,00,000",Myanmar,64,Myanmar,"12,000",Myanmar,"42,600",Myanmar,"13,90,00,000",Myanmar,"3,02,58,643",Myanmar,"5,56,22,506",Myanmar,"6,76,578",Myanmar,"1,930",Myanmar,"12,800",Myanmar,"6,522"
Namibia,3.2817,Namibia,30,Namibia,6,Namibia,0,Namibia,3,Namibia,14,Namibia,7,Namibia,2,Namibia,7,Namibia,410,Namibia,0,Namibia,50,Namibia,4,Namibia,8,Namibia,0,Namibia,0,Namibia,0,Namibia,0,Namibia,"50,50,00,000",Namibia,"7,96,90,00,000",Namibia,112,Namibia,0,Namibia,"25,000",Namibia,0,Namibia,"5,82,642",Namibia,"25,33,224",Namibia,"8,24,292",Namibia,"1,572",Namibia,0,Namibia,"4,220"
Nepal,2.9891,Nepal,16,Nepal,0,Nepal,0,Nepal,3,Nepal,0,Nepal,13,Nepal,0,Nepal,0,Nepal,214,Nepal,0,Nepal,84,Nepal,0,,,,,,,,,,,Nepal,"21,30,00,000",Nepal,"5,84,90,00,000",Nepal,47,Nepal,0,Nepal,"20,000",Nepal,0,Nepal,"1,47,39,923",Nepal,"2,97,17,587",Nepal,"1,47,181",,,Nepal,0,Nepal,"3,159"
Netherlands,0.5919,Netherlands,168,Netherlands,61,Netherlands,1,Netherlands,4,Netherlands,27,Netherlands,75,Netherlands,28,Netherlands,18,Netherlands,"1,546",Netherlands,57,Netherlands,160,Netherlands,0,Netherlands,63,Netherlands,0,Netherlands,4,Netherlands,0,Netherlands,6,Netherlands,"12,41,90,00,000",Netherlands,"40,63,00,00,00,000",Netherlands,29,Netherlands,"18,170",Netherlands,"8,40,000",Netherlands,"11,32,00,000",Netherlands,"78,20,960",Netherlands,"1,71,51,228",Netherlands,"41,543",Netherlands,451,Netherlands,"6,237",Netherlands,"1,053"
New Zealand,1.3684,New Zealand,48,New Zealand,0,New Zealand,0,New Zealand,7,New Zealand,13,New Zealand,22,New Zealand,0,New Zealand,0,New Zealand,200,New Zealand,0,New Zealand,24,New Zealand,0,New Zealand,11,New Zealand,0,New Zealand,0,New Zealand,0,New Zealand,2,New Zealand,"4,30,00,00,000",New Zealand,"91,62,00,00,000",New Zealand,123,New Zealand,"31,480",New Zealand,"1,50,000",New Zealand,"5,69,00,000",New Zealand,"21,15,989",New Zealand,"45,45,627",New Zealand,"2,67,710",New Zealand,"15,134",New Zealand,0,,
Nicaragua,2.2747,Nicaragua,19,Nicaragua,0,Nicaragua,0,Nicaragua,5,Nicaragua,1,Nicaragua,14,Nicaragua,0,Nicaragua,104,Nicaragua,265,Nicaragua,0,Nicaragua,654,Nicaragua,163,Nicaragua,30,Nicaragua,0,Nicaragua,0,Nicaragua,0,Nicaragua,0,Nicaragua,"14,00,00,000",Nicaragua,"11,31,00,00,000",Nicaragua,147,Nicaragua,0,Nicaragua,"35,000",Nicaragua,0,Nicaragua,"30,30,436",Nicaragua,"60,85,213",Nicaragua,"1,30,370",Nicaragua,910,Nicaragua,"2,220",Nicaragua,"1,253"
Niger,2.0153,Niger,16,Niger,0,Niger,2,Niger,5,Niger,0,Niger,7,Niger,1,Niger,0,Niger,182,Niger,0,Niger,0,Niger,0,,,,,,,,,,,Niger,"32,50,00,000",Niger,"3,72,80,00,000",Niger,30,Niger,"11,000",Niger,"6,500",Niger,"15,00,00,000",Niger,"67,54,519",Niger,"1,98,66,231",Niger,"12,67,000",,,Niger,300,Niger,"5,834"
Nigeria,0.6485,Nigeria,129,Nigeria,8,Nigeria,13,Nigeria,21,Nigeria,47,Nigeria,44,Nigeria,15,Nigeria,253,Nigeria,"1,789",Nigeria,25,Nigeria,339,Nigeria,36,Nigeria,75,Nigeria,0,Nigeria,0,Nigeria,0,Nigeria,0,Nigeria,"2,15,50,00,000",Nigeria,"40,96,00,00,000",Nigeria,54,Nigeria,"19,46,000",Nigeria,"2,75,000",Nigeria,"37,06,00,00,000",Nigeria,"7,71,08,499",Nigeria,"20,34,52,505",Nigeria,"9,23,768",Nigeria,853,Nigeria,"8,600",Nigeria,"4,477"
North Korea,0.3718,North Korea,949,North Korea,458,North Korea,114,North Korea,4,North Korea,169,North Korea,204,North Korea,20,North Korea,"6,045",North Korea,"10,000",North Korea,800,North Korea,"1,000",North Korea,"2,110",North Korea,984,North Korea,0,North Korea,83,North Korea,0,North Korea,11,North Korea,"1,60,00,00,000",North Korea,"5,00,00,00,000",North Korea,82,North Korea,0,North Korea,"15,500",North Korea,0,North Korea,"1,30,45,878",North Korea,"2,53,81,085",North Korea,"1,20,538",North Korea,"2,495",North Korea,"2,250",North Korea,"1,607"
North Macedonia,3.1808,North Macedonia,20,North Macedonia,0,North Macedonia,0,North Macedonia,0,North Macedonia,10,North Macedonia,14,North Macedonia,4,North Macedonia,31,North Macedonia,251,North Macedonia,0,North Macedonia,144,North Macedonia,24,,,,,,,,,,,North Macedonia,"10,81,52,512",North Macedonia,"8,79,00,00,000",North Macedonia,10,North Macedonia,0,North Macedonia,"18,500",North Macedonia,0,North Macedonia,"10,53,116",North Macedonia,"21,18,945",North Macedonia,"25,713",,,North Macedonia,280,North Macedonia,838
Norway,0.5277,Norway,150,Norway,59,Norway,15,Norway,4,Norway,32,Norway,47,Norway,0,Norway,52,Norway,730,Norway,80,Norway,0,Norway,12,Norway,62,Norway,0,Norway,6,Norway,0,Norway,4,Norway,"7,17,90,00,000",Norway,"6,42,30,00,00,000",Norway,95,Norway,"16,18,000",Norway,"2,60,000",Norway,"6,61,10,00,000",Norway,"21,70,365",Norway,"53,72,191",Norway,"3,23,802",Norway,"25,148",Norway,"1,577",Norway,"2,566"
Oman,1.2514,Oman,131,Oman,29,Oman,10,Oman,9,Oman,46,Oman,42,Oman,0,Oman,117,Oman,761,Oman,39,Oman,144,Oman,12,Oman,16,Oman,0,Oman,0,Oman,0,Oman,0,Oman,"8,68,60,00,000",Oman,"46,27,00,00,000",Oman,132,Oman,"9,70,400",Oman,"1,00,000",Oman,"5,37,30,00,000",Oman,"17,64,529",Oman,"34,94,116",Oman,"3,09,500",Oman,"2,092",Oman,0,Oman,"1,561"
Pakistan,0.2364,Pakistan,"1,372",Pakistan,356,Pakistan,90,Pakistan,49,Pakistan,513,Pakistan,346,Pakistan,56,Pakistan,"2,200",Pakistan,"7,330",Pakistan,429,Pakistan,"1,226",Pakistan,100,Pakistan,100,Pakistan,0,Pakistan,8,Pakistan,0,Pakistan,9,Pakistan,"11,40,00,00,000",Pakistan,"82,19,00,00,000",Pakistan,151,Pakistan,"89,720",Pakistan,"5,75,000",Pakistan,"35,06,00,000",Pakistan,"9,63,44,277",Pakistan,"20,78,62,518",Pakistan,"7,96,095",Pakistan,"1,046",Pakistan,"25,220",Pakistan,"7,257"
Panama,3.6537,Panama,39,Panama,0,Panama,0,Panama,11,Panama,4,Panama,23,Panama,0,Panama,0,Panama,65,Panama,0,Panama,0,Panama,0,Panama,20,Panama,0,Panama,0,Panama,0,Panama,0,Panama,"50,00,00,000",Panama,"91,53,00,00,000",Panama,117,Panama,0,Panama,"1,00,000",Panama,0,Panama,"17,59,698",Panama,"38,00,644",Panama,"75,420",Panama,"2,490",Panama,800,Panama,687
Paraguay,2.1898,Paraguay,33,Paraguay,0,Paraguay,0,Paraguay,6,Paraguay,15,Paraguay,11,Paraguay,0,Paraguay,13,Paraguay,63,Paraguay,0,Paraguay,108,Paraguay,0,Paraguay,40,Paraguay,0,Paraguay,0,Paraguay,0,Paraguay,0,Paraguay,"25,00,00,000",Paraguay,"17,70,00,00,000",Paraguay,799,Paraguay,0,Paraguay,"30,000",Paraguay,0,Paraguay,"33,72,366",Paraguay,"70,25,763",Paraguay,"4,06,752",,,Paraguay,"3,100",Paraguay,"4,655"
Peru,0.6219,Peru,273,Peru,17,Peru,38,Peru,40,Peru,77,Peru,99,Peru,16,Peru,146,Peru,552,Peru,24,Peru,231,Peru,70,Peru,60,Peru,0,Peru,5,Peru,0,Peru,7,Peru,"2,56,00,00,000",Peru,"66,25,00,00,000",Peru,191,Peru,"43,520",Peru,"2,10,000",Peru,"47,30,00,000",Peru,"1,53,52,302",Peru,"3,13,31,228",Peru,"12,85,216",Peru,"2,414",Peru,"8,808",Peru,"7,062"
Philippines,0.7852,Philippines,171,Philippines,0,Philippines,19,Philippines,23,Philippines,24,Philippines,97,Philippines,0,Philippines,7,Philippines,513,Philippines,0,Philippines,286,Philippines,0,Philippines,103,Philippines,0,Philippines,0,Philippines,0,Philippines,2,Philippines,"3,47,00,00,000",Philippines,"76,18,00,00,000",Philippines,247,Philippines,"15,000",Philippines,"3,20,000",Philippines,"13,85,00,000",Philippines,"5,18,87,757",Philippines,"10,58,93,381",Philippines,"3,00,000",Philippines,"36,289",Philippines,"3,219",,
Poland,0.3397,Poland,457,Poland,91,Poland,0,Poland,49,Poland,104,Poland,176,Poland,30,Poland,"1,069",Poland,"2,547",Poland,547,Poland,0,Poland,180,Poland,87,Poland,0,Poland,3,Poland,0,Poland,2,Poland,"12,00,00,00,000",Poland,"2,41,00,00,00,000",Poland,126,Poland,"20,070",Poland,"5,85,000",Poland,"13,78,00,000",Poland,"1,88,26,137",Poland,"3,84,20,687",Poland,"3,12,685",Poland,440,Poland,"3,997",Poland,"2,845"
Portugal,0.8612,Portugal,90,Portugal,24,Portugal,0,Portugal,11,Portugal,18,Portugal,23,Portugal,0,Portugal,133,Portugal,756,Portugal,18,Portugal,61,Portugal,0,Portugal,41,Portugal,0,Portugal,2,Portugal,0,Portugal,5,Portugal,"3,35,80,00,000",Portugal,"4,49,00,00,00,000",Portugal,64,Portugal,0,Portugal,"2,65,000",Portugal,0,Portugal,"48,04,949",Portugal,"1,03,55,493",Portugal,"92,090",Portugal,"1,793",Portugal,210,Portugal,"1,224"
Qatar,1.6703,Qatar,123,Qatar,24,Qatar,6,Qatar,12,Qatar,35,Qatar,46,Qatar,3,Qatar,92,Qatar,250,Qatar,46,Qatar,12,Qatar,15,Qatar,86,Qatar,0,Qatar,0,Qatar,0,Qatar,0,Qatar,"6,00,00,00,000",Qatar,"1,67,80,00,00,000",Qatar,6,Qatar,"15,00,000",Qatar,"1,90,000",Qatar,"25,24,00,00,000",Qatar,"6,12,164",Qatar,"23,63,569",Qatar,"11,586",Qatar,563,Qatar,0,Qatar,87
Republic of the Congo,2.9509,Republic of the Congo,13,Republic of the Congo,2,Republic of the Congo,0,Republic of the Congo,3,Republic of the Congo,0,Republic of the Congo,8,Republic of the Congo,1,Republic of the Congo,86,Republic of the Congo,225,Republic of the Congo,0,Republic of the Congo,0,Republic of the Congo,6,Republic of the Congo,6,Republic of the Congo,0,Republic of the Congo,0,Republic of the Congo,0,Republic of the Congo,0,Republic of the Congo,"71,50,00,000",Republic of the Congo,"4,60,50,00,000",Republic of the Congo,27,Republic of the Congo,"2,44,200",Republic of the Congo,"1,85,000",Republic of the Congo,"1,60,00,00,000",Republic of the Congo,"19,38,754",Republic of the Congo,"50,62,021",Republic of the Congo,"3,42,000",Republic of the Congo,169,Republic of the Congo,"1,120",Republic of the Congo,"5,008"
Romania,0.6177,Romania,143,Romania,26,Romania,0,Romania,12,Romania,41,Romania,62,Romania,0,Romania,943,Romania,"1,369",Romania,0,Romania,808,Romania,243,Romania,48,Romania,0,Romania,0,Romania,0,Romania,3,Romania,"5,05,00,00,000",Romania,"95,97,00,00,000",Romania,45,Romania,"73,740",Romania,"2,40,000",Romania,"60,00,00,000",Romania,"1,10,07,501",Romania,"2,14,57,116",Romania,"2,38,391",Romania,225,Romania,"1,731",Romania,"2,844"
Russia,0.0681,Russia,"4,163",Russia,873,Russia,742,Russia,424,Russia,497,Russia,"1,522",Russia,531,Russia,"12,950",Russia,"27,038",Russia,"6,083",Russia,"4,465",Russia,"3,860",Russia,603,Russia,1,Russia,62,Russia,16,Russia,10,Russia,"48,00,00,00,000",Russia,"5,39,60,00,00,000",Russia,"1,218",Russia,"1,05,80,000",Russia,"32,25,000",Russia,"80,00,00,00,000",Russia,"6,96,40,160",Russia,"14,21,22,776",Russia,"1,70,98,242",Russia,"37,653",Russia,"1,02,000",Russia,"22,408"
Saudi Arabia,0.3034,Saudi Arabia,879,Saudi Arabia,270,Saudi Arabia,81,Saudi Arabia,49,Saudi Arabia,208,Saudi Arabia,283,Saudi Arabia,34,Saudi Arabia,"1,062",Saudi Arabia,"12,825",Saudi Arabia,705,Saudi Arabia,"1,818",Saudi Arabia,122,Saudi Arabia,55,Saudi Arabia,0,Saudi Arabia,0,Saudi Arabia,0,Saudi Arabia,3,Saudi Arabia,"67,60,00,00,000",Saudi Arabia,"2,05,10,00,00,000",Saudi Arabia,214,Saudi Arabia,"1,01,30,000",Saudi Arabia,"40,00,000",Saudi Arabia,"2,66,50,00,00,000",Saudi Arabia,"1,77,03,745",Saudi Arabia,"3,30,91,113",Saudi Arabia,"21,49,690",Saudi Arabia,"2,640",Saudi Arabia,0,Saudi Arabia,"4,272"
Serbia,0.9479,Serbia,109,Serbia,9,Serbia,17,Serbia,1,Serbia,38,Serbia,44,Serbia,0,Serbia,293,Serbia,904,Serbia,87,Serbia,144,Serbia,88,Serbia,19,Serbia,0,Serbia,0,Serbia,0,Serbia,0,Serbia,"90,70,00,000",Serbia,"29,50,00,00,000",Serbia,26,Serbia,"18,740",Serbia,"75,000",Serbia,"7,75,00,000",Serbia,"34,68,274",Serbia,"70,78,110",Serbia,"77,474",,,Serbia,587,Serbia,"2,322"
Sierra Leone,4.2063,Sierra Leone,5,Sierra Leone,0,Sierra Leone,0,Sierra Leone,0,Sierra Leone,0,Sierra Leone,5,Sierra Leone,2,Sierra Leone,0,Sierra Leone,13,Sierra Leone,0,Sierra Leone,0,Sierra Leone,0,Sierra Leone,10,Sierra Leone,0,Sierra Leone,0,Sierra Leone,0,Sierra Leone,0,Sierra Leone,"7,55,00,000",Sierra Leone,"1,61,50,00,000",Sierra Leone,8,Sierra Leone,0,Sierra Leone,"9,500",Sierra Leone,0,Sierra Leone,"14,32,872",Sierra Leone,"63,12,212",Sierra Leone,"71,740",Sierra Leone,402,Sierra Leone,800,Sierra Leone,"1,093"
Singapore,0.7966,Singapore,235,Singapore,100,Singapore,0,Singapore,9,Singapore,36,Singapore,77,Singapore,17,Singapore,180,Singapore,"3,000",Singapore,48,Singapore,77,Singapore,24,Singapore,40,Singapore,0,Singapore,0,Singapore,0,Singapore,6,Singapore,"11,20,00,00,000",Singapore,"5,66,10,00,00,000",Singapore,9,Singapore,0,Singapore,"13,40,000",Singapore,0,Singapore,"40,17,314",Singapore,"59,95,991",Singapore,697,Singapore,193,Singapore,10,,
Slovakia,0.8466,Slovakia,47,Slovakia,10,Slovakia,0,Slovakia,7,Slovakia,8,Slovakia,21,Slovakia,0,Slovakia,20,Slovakia,661,Slovakia,16,Slovakia,9,Slovakia,25,Slovakia,0,,,,,,,,,Slovakia,"2,12,18,17,575",Slovakia,"75,04,00,00,000",Slovakia,35,Slovakia,200,Slovakia,"82,000",Slovakia,"90,00,000",Slovakia,"27,76,970",Slovakia,"54,45,040",Slovakia,"49,035",,,Slovakia,172,Slovakia,"1,587"
Slovenia,1.9496,Slovenia,38,Slovenia,0,Slovenia,0,Slovenia,3,Slovenia,23,Slovenia,16,Slovenia,0,Slovenia,44,Slovenia,269,Slovenia,0,Slovenia,63,Slovenia,0,Slovenia,2,Slovenia,0,Slovenia,0,Slovenia,0,Slovenia,0,Slovenia,"58,10,00,000",Slovenia,"46,30,00,00,000",Slovenia,16,Slovenia,5,Slovenia,"55,000",Slovenia,0,Slovenia,"10,02,714",Slovenia,"21,02,126",Slovenia,"20,273",Slovenia,47,Slovenia,0,Slovenia,"1,211"
Somalia,4.6404,Somalia,0,Somalia,0,Somalia,0,Somalia,0,Somalia,0,Somalia,0,Somalia,0,Somalia,10,Somalia,100,Somalia,0,Somalia,30,Somalia,10,Somalia,3,Somalia,0,Somalia,0,Somalia,0,Somalia,0,Somalia,"6,22,00,000",Somalia,"5,30,00,00,000",Somalia,61,Somalia,0,Somalia,"6,200",Somalia,0,Somalia,"27,02,167",Somalia,"1,12,59,029",Somalia,"6,37,657",Somalia,"3,025",Somalia,0,Somalia,"2,385"
South Africa,0.4985,South Africa,226,South Africa,17,South Africa,0,South Africa,23,South Africa,88,South Africa,91,South Africa,12,South Africa,195,South Africa,"2,000",South Africa,43,South Africa,72,South Africa,50,South Africa,30,South Africa,0,South Africa,3,South Africa,0,South Africa,4,South Africa,"4,27,80,00,000",South Africa,"1,56,30,00,00,000",South Africa,566,South Africa,"2,000",South Africa,"6,05,000",South Africa,"1,50,00,000",South Africa,"2,62,50,220",South Africa,"5,53,80,210",South Africa,"12,19,090",South Africa,"2,798",South Africa,0,South Africa,"5,244"
South Korea,0.1509,South Korea,"1,649",South Korea,414,South Korea,71,South Korea,41,South Korea,298,South Korea,803,South Korea,112,South Korea,"2,614",South Korea,"14,000",South Korea,"3,040",South Korea,"3,854",South Korea,575,South Korea,234,,,,,,,,,South Korea,"44,00,00,00,000",South Korea,"3,84,60,00,00,000",South Korea,111,South Korea,0,South Korea,"28,00,000",South Korea,0,South Korea,"2,57,09,049",South Korea,"5,14,18,097",South Korea,"99,720",South Korea,"2,413",South Korea,"1,600",South Korea,237
South Sudan,2.3501,South Sudan,19,South Sudan,0,South Sudan,0,South Sudan,2,South Sudan,0,South Sudan,17,South Sudan,6,South Sudan,110,South Sudan,200,South Sudan,24,South Sudan,0,South Sudan,14,South Sudan,0,South Korea,2,South Korea,22,South Korea,12,South Korea,18,South Sudan,"8,00,00,000",South Sudan,"2,25,00,00,000",South Sudan,85,South Sudan,"1,50,200",South Sudan,"60,000",South Sudan,"3,75,00,00,000",South Sudan,"52,45,155",South Sudan,"1,02,04,581",South Sudan,"6,44,329",,,South Sudan,0,South Sudan,"6,018"
Spain,0.3388,Spain,512,Spain,137,Spain,12,Spain,46,Spain,162,Spain,162,Spain,19,Spain,327,Spain,"2,023",Spain,95,Spain,140,Spain,0,Spain,77,Spain,1,Spain,3,Spain,0,Spain,11,Spain,"15,10,00,00,000",Spain,"20,94,00,00,00,000",Spain,150,Spain,"2,252",Spain,"12,26,000",Spain,"15,00,00,000",Spain,"2,31,36,275",Spain,"4,93,31,076",Spain,"5,05,370",Spain,"4,964",Spain,"1,000",Spain,"1,953"
Sri Lanka,1.4661,Sri Lanka,77,Sri Lanka,0,Sri Lanka,0,Sri Lanka,15,Sri Lanka,6,Sri Lanka,54,Sri Lanka,9,Sri Lanka,202,Sri Lanka,570,Sri Lanka,0,Sri Lanka,209,Sri Lanka,22,Sri Lanka,40,Sri Lanka,0,Sri Lanka,0,Sri Lanka,0,Sri Lanka,0,Sri Lanka,"2,50,00,00,000",Sri Lanka,"51,72,00,00,000",Sri Lanka,19,Sri Lanka,0,Sri Lanka,"90,000",Sri Lanka,0,Sri Lanka,"1,09,27,071",Sri Lanka,"2,25,76,592",Sri Lanka,"65,610",Sri Lanka,"1,340",Sri Lanka,160,,
Sudan,1.3017,Sudan,190,Sudan,46,Sudan,38,Sudan,22,Sudan,11,Sudan,73,Sudan,43,Sudan,690,Sudan,400,Sudan,10,Sudan,0,Sudan,0,Sudan,18,Sudan,0,Sudan,0,Sudan,0,Sudan,0,Sudan,"2,47,00,00,000",Sudan,"56,05,00,00,000",Sudan,74,Sudan,"1,02,300",Sudan,"96,800",Sudan,"5,00,00,00,000",Sudan,"2,40,61,430",Sudan,"4,31,20,843",Sudan,"18,61,484",Sudan,853,Sudan,"1,723",Sudan,"6,819"
Suriname,4.6042,Suriname,3,Suriname,0,Suriname,0,Suriname,0,Suriname,0,Suriname,3,Suriname,0,Suriname,0,Suriname,66,Suriname,0,Suriname,0,Suriname,0,Suriname,3,Suriname,0,Suriname,0,Suriname,0,Suriname,0,Suriname,"6,30,00,000",Suriname,"1,70,00,00,000",Suriname,55,Suriname,"17,000",Suriname,"15,100",Suriname,"8,39,80,000",Suriname,"1,32,740",Suriname,"5,97,927",Suriname,"1,63,820",Suriname,386,Suriname,"1,200",Suriname,"1,907"
Sweden,0.5304,Sweden,204,Sweden,71,Sweden,0,Sweden,6,Sweden,69,Sweden,53,Sweden,0,Sweden,126,Sweden,"1,036",Sweden,88,Sweden,0,Sweden,0,Sweden,63,Sweden,0,Sweden,5,Sweden,0,Sweden,0,Sweden,"6,32,69,23,600",Sweden,"9,39,90,00,00,000",Sweden,231,Sweden,0,Sweden,"3,20,000",Sweden,0,Sweden,"41,16,808",Sweden,"1,00,40,995",Sweden,"4,50,295",Sweden,"3,218",Sweden,"2,052",Sweden,"2,211"
Switzerland,0.5259,Switzerland,169,Switzerland,54,Switzerland,0,Switzerland,18,Switzerland,54,Switzerland,42,Switzerland,0,Switzerland,326,Switzerland,"1,338",Switzerland,224,Switzerland,0,Switzerland,0,Switzerland,0,,,,,,,,,Switzerland,"5,00,00,00,000",Switzerland,"16,64,00,00,00,000",Switzerland,63,Switzerland,0,Switzerland,"2,60,000",Switzerland,0,Switzerland,"36,32,250",Switzerland,"82,92,809",Switzerland,"41,277",,,Switzerland,"1,299",Switzerland,"1,770"
Syria,0.8241,Syria,456,Syria,199,Syria,20,Syria,5,Syria,67,Syria,165,Syria,27,Syria,"4,135",Syria,"5,370",Syria,575,Syria,"2,550",Syria,750,Syria,56,Syria,0,Syria,0,Syria,0,Syria,2,Syria,"1,80,00,00,000",Syria,"4,98,90,00,000",Syria,90,Syria,"14,000",Syria,"2,60,000",Syria,"2,50,00,00,000",Syria,"1,24,50,728",Syria,"1,94,54,263",Syria,"1,85,180",Syria,193,Syria,900,Syria,"2,363"
Taiwan,0.4008,Taiwan,744,Taiwan,289,Taiwan,0,Taiwan,19,Taiwan,207,Taiwan,210,Taiwan,91,Taiwan,"1,180",Taiwan,"2,000",Taiwan,482,Taiwan,"1,160",Taiwan,115,Taiwan,117,Taiwan,0,Taiwan,4,Taiwan,4,Taiwan,22,Taiwan,"10,72,50,00,000",Taiwan,"1,81,90,00,00,000",Taiwan,37,Taiwan,196,Taiwan,"10,32,000",Taiwan,"23,80,000",Taiwan,"1,21,96,809",Taiwan,"2,35,45,963",Taiwan,"35,980",Taiwan,"1,566",Taiwan,"3,720",,
Tajikistan,1.8661,Tajikistan,25,Tajikistan,0,Tajikistan,0,Tajikistan,1,Tajikistan,4,Tajikistan,20,Tajikistan,6,Tajikistan,253,Tajikistan,347,Tajikistan,0,Tajikistan,90,Tajikistan,128,Tajikistan,0,,,,,,,,,Tajikistan,"1,60,00,00,000",Tajikistan,"5,75,00,00,000",Tajikistan,24,Tajikistan,180,Tajikistan,"20,500",Tajikistan,"1,20,00,000",Tajikistan,"40,95,924",Tajikistan,"86,04,882",Tajikistan,"1,43,100",,,Tajikistan,200,Tajikistan,"4,130"
Tanzania,2.0651,Tanzania,34,Tanzania,14,Tanzania,0,Tanzania,6,Tanzania,8,Tanzania,6,Tanzania,0,Tanzania,156,Tanzania,70,Tanzania,0,Tanzania,12,Tanzania,0,Tanzania,19,Tanzania,0,Tanzania,0,Tanzania,0,Tanzania,0,Tanzania,"22,30,00,000",Tanzania,"17,66,00,00,000",Tanzania,166,Tanzania,0,Tanzania,"46,000",Tanzania,0,Tanzania,"1,02,58,498",Tanzania,"5,54,51,343",Tanzania,"9,47,300",Tanzania,"1,424",Tanzania,0,Tanzania,"4,161"
Thailand,0.3571,Thailand,570,Thailand,75,Thailand,19,Thailand,48,Thailand,154,Thailand,307,Thailand,7,Thailand,841,Thailand,"1,416",Thailand,20,Thailand,776,Thailand,25,Thailand,292,Thailand,1,Thailand,0,Thailand,0,Thailand,7,Thailand,"7,10,00,00,000",Thailand,"1,32,00,00,00,000",Thailand,101,Thailand,"2,39,700",Thailand,"13,45,000",Thailand,"39,64,00,000",Thailand,"3,55,43,014",Thailand,"6,86,15,858",Thailand,"5,13,120",Thailand,"3,219",Thailand,"4,000",Thailand,"5,673"
Tunisia,1.4619,Tunisia,147,Tunisia,12,Tunisia,0,Tunisia,14,Tunisia,29,Tunisia,92,Tunisia,0,Tunisia,181,Tunisia,878,Tunisia,20,Tunisia,165,Tunisia,0,Tunisia,50,Tunisia,0,Tunisia,0,Tunisia,0,Tunisia,0,Tunisia,"55,00,00,000",Tunisia,"30,19,00,00,000",Tunisia,29,Tunisia,"49,170",Tunisia,"90,500",Tunisia,"42,50,00,000",Tunisia,"58,50,224",Tunisia,"1,15,16,189",Tunisia,"1,63,610",Tunisia,"1,148",Tunisia,0,Tunisia,"1,495"
Turkey,0.2098,Turkey,"1,055",Turkey,206,Turkey,0,Turkey,80,Turkey,276,Turkey,497,Turkey,100,Turkey,"2,622",Turkey,"8,777",Turkey,"1,278",Turkey,"1,260",Turkey,438,Turkey,149,Turkey,0,Turkey,12,Turkey,0,Turkey,16,Turkey,"19,00,00,00,000",Turkey,"4,52,40,00,00,000",Turkey,98,Turkey,"2,45,000",Turkey,"8,45,000",Turkey,"38,85,00,000",Turkey,"4,18,47,478",Turkey,"8,12,57,239",Turkey,"7,83,562",Turkey,"7,200",Turkey,"1,200",Turkey,"2,816"
Turkmenistan,1.3292,Turkmenistan,72,Turkmenistan,24,Turkmenistan,20,Turkmenistan,3,Turkmenistan,0,Turkmenistan,25,Turkmenistan,10,Turkmenistan,712,Turkmenistan,"2,000",Turkmenistan,68,Turkmenistan,269,Turkmenistan,116,Turkmenistan,4,Turkmenistan,0,Turkmenistan,0,Turkmenistan,0,Turkmenistan,0,Turkmenistan,"20,00,00,000",Turkmenistan,"53,94,00,000",Turkmenistan,26,Turkmenistan,"2,30,880",Turkmenistan,"1,50,000",Turkmenistan,"60,00,00,000",Turkmenistan,"27,97,493",Turkmenistan,"54,11,012",Turkmenistan,"4,88,100",Turkmenistan,"1,768",Turkmenistan,"1,300",Turkmenistan,"4,158"
Uganda,1.6176,Uganda,48,Uganda,10,Uganda,0,Uganda,2,Uganda,10,Uganda,26,Uganda,5,Uganda,371,Uganda,"1,081",Uganda,6,Uganda,53,Uganda,26,Uganda,8,Uganda,0,Uganda,0,Uganda,0,Uganda,0,Uganda,"93,50,00,000",Uganda,"10,80,00,00,000",Uganda,47,Uganda,0,Uganda,"17,500",Uganda,"2,50,00,00,000",Uganda,"1,47,07,350",Uganda,"4,08,53,749",Uganda,"2,41,038",,,Uganda,0,Uganda,"2,729"
Ukraine,0.4457,Ukraine,297,Ukraine,48,Ukraine,25,Ukraine,32,Ukraine,76,Ukraine,121,Ukraine,34,Ukraine,"2,026",Ukraine,"10,135",Ukraine,738,Ukraine,"2,040",Ukraine,430,Ukraine,25,Ukraine,0,Ukraine,0,Ukraine,0,Ukraine,1,Ukraine,"5,40,00,00,000",Ukraine,"1,30,00,00,00,000",Ukraine,187,Ukraine,"29,650",Ukraine,"3,25,000",Ukraine,"39,50,00,000",Ukraine,"2,21,95,911",Ukraine,"4,39,52,299",Ukraine,"6,03,550",Ukraine,"2,782",Ukraine,"2,150",Ukraine,"5,618"
United Arab Emirates,0.7034,United Arab Emirates,538,United Arab Emirates,98,United Arab Emirates,20,United Arab Emirates,40,United Arab Emirates,145,United Arab Emirates,229,United Arab Emirates,30,United Arab Emirates,434,United Arab Emirates,"8,691",United Arab Emirates,183,United Arab Emirates,76,United Arab Emirates,72,United Arab Emirates,75,United Arab Emirates,0,United Arab Emirates,0,United Arab Emirates,0,United Arab Emirates,0,United Arab Emirates,"22,75,50,00,000",United Arab Emirates,"2,37,60,00,00,000",United Arab Emirates,43,United Arab Emirates,"31,74,000",United Arab Emirates,"5,75,000",United Arab Emirates,"97,80,00,00,000",United Arab Emirates,"58,20,789",United Arab Emirates,"97,01,315",United Arab Emirates,"83,600",United Arab Emirates,"1,318",United Arab Emirates,0,United Arab Emirates,"1,066"
United Kingdom,0.1717,United Kingdom,733,United Kingdom,133,United Kingdom,15,United Kingdom,44,United Kingdom,241,United Kingdom,312,United Kingdom,49,United Kingdom,227,United Kingdom,"5,000",United Kingdom,89,United Kingdom,126,United Kingdom,35,United Kingdom,88,United Kingdom,2,United Kingdom,10,United Kingdom,6,United Kingdom,13,United Kingdom,"55,10,00,00,000",United Kingdom,"81,26,00,00,00,000",United Kingdom,460,United Kingdom,"9,10,500",United Kingdom,"16,00,000",United Kingdom,"2,56,40,00,000",United Kingdom,"2,99,48,413",United Kingdom,"6,51,05,246",United Kingdom,"2,43,610",United Kingdom,"12,429",United Kingdom,"3,200",United Kingdom,443
United States,0.0606,United States,"13,264",United States,"2,085",United States,715,United States,945,United States,"2,643",United States,"5,768",United States,967,United States,"6,289",United States,"39,253",United States,"1,465",United States,"2,740",United States,"1,366",United States,490,United States,20,United States,66,United States,91,United States,0,United States,"7,50,00,00,00,000",United States,"1,79,10,00,00,00,000",United States,"13,513",United States,"93,52,000",United States,"2,00,00,000",United States,"36,52,00,00,000",United States,"14,48,72,845",United States,"32,92,56,465",United States,"98,26,675",United States,"19,924",United States,"41,009",United States,"12,048"
Uruguay,1.8909,Uruguay,50,Uruguay,0,Uruguay,7,Uruguay,9,Uruguay,16,Uruguay,13,Uruguay,0,Uruguay,78,Uruguay,463,Uruguay,0,Uruguay,0,Uruguay,4,Uruguay,20,Uruguay,0,Uruguay,0,Uruguay,0,Uruguay,1,Uruguay,"4,95,00,00,000",Uruguay,"28,37,00,00,000",Uruguay,133,Uruguay,0,Uruguay,"55,600",Uruguay,0,Uruguay,"15,49,878",Uruguay,"33,69,299",Uruguay,"1,76,215",Uruguay,660,Uruguay,"1,600",Uruguay,"1,591"
Uzbekistan,0.8086,Uzbekistan,185,Uzbekistan,66,Uzbekistan,20,Uzbekistan,18,Uzbekistan,2,Uzbekistan,79,Uzbekistan,25,Uzbekistan,420,Uzbekistan,"1,215",Uzbekistan,137,Uzbekistan,0,Uzbekistan,98,Uzbekistan,0,,,,,,,,,Uzbekistan,"97,50,00,000",Uzbekistan,"16,90,00,00,000",Uzbekistan,53,Uzbekistan,"46,070",Uzbekistan,"1,42,000",Uzbekistan,"59,40,00,000",Uzbekistan,"1,59,12,566",Uzbekistan,"3,00,23,709",Uzbekistan,"4,47,400",Uzbekistan,420,Uzbekistan,"1,100",Uzbekistan,"6,893"
Venezuela,0.6449,Venezuela,260,Venezuela,38,Venezuela,0,Venezuela,52,Venezuela,82,Venezuela,86,Venezuela,10,Venezuela,390,Venezuela,600,Venezuela,73,Venezuela,104,Venezuela,36,Venezuela,49,Venezuela,0,Venezuela,2,Venezuela,0,Venezuela,4,Venezuela,"74,50,00,000",Venezuela,"1,00,30,00,00,000",Venezuela,444,Venezuela,"20,07,000",Venezuela,"5,75,000",Venezuela,"3,00,90,00,00,000",Venezuela,"1,42,60,129",Venezuela,"3,16,89,176",Venezuela,"9,12,050",Venezuela,"2,800",Venezuela,"7,100",Venezuela,"5,267"
Vietnam,0.3559,Vietnam,293,Vietnam,77,Vietnam,0,Vietnam,38,Vietnam,36,Vietnam,138,Vietnam,25,Vietnam,"2,615",Vietnam,"2,530",Vietnam,70,Vietnam,"1,000",Vietnam,85,Vietnam,65,Vietnam,0,Vietnam,6,Vietnam,0,Vietnam,9,Vietnam,"5,50,00,00,000",Vietnam,"96,58,00,00,000",Vietnam,45,Vietnam,"2,71,400",Vietnam,"5,25,000",Vietnam,"4,40,00,00,000",Vietnam,"5,10,43,216",Vietnam,"9,70,40,334",Vietnam,"3,31,210",Vietnam,"3,444",Vietnam,"17,702",Vietnam,"4,616"
Yemen,1.2412,Yemen,169,Yemen,77,Yemen,0,Yemen,8,Yemen,21,Yemen,61,Yemen,14,Yemen,620,Yemen,615,Yemen,20,Yemen,85,Yemen,150,Yemen,30,Yemen,0,Yemen,0,Yemen,0,Yemen,0,Yemen,"1,40,00,00,000",Yemen,"7,06,80,00,000",Yemen,57,Yemen,"12,260",Yemen,"1,45,000",Yemen,"3,00,00,00,000",Yemen,"1,12,66,221",Yemen,"2,86,67,230",Yemen,"5,27,968",Yemen,"1,906",Yemen,0,Yemen,"1,601"
Zambia,1.6464,Zambia,108,Zambia,18,Zambia,0,Zambia,11,Zambia,52,Zambia,27,Zambia,0,Zambia,75,Zambia,184,Zambia,0,Zambia,42,Zambia,50,Zambia,0,Zambia,0,Zambia,0,Zambia,0,Zambia,0,Zambia,"4,00,00,000",Zambia,"11,66,00,00,000",Zambia,88,Zambia,0,Zambia,"21,000",Zambia,0,Zambia,"61,66,905",Zambia,"1,64,45,079",Zambia,"7,52,618",,,Zambia,"2,250",Zambia,"6,043"
Zimbabwe,1.7577,Zimbabwe,90,Zimbabwe,10,Zimbabwe,0,Zimbabwe,14,Zimbabwe,38,Zimbabwe,28,Zimbabwe,6,Zimbabwe,42,Zimbabwe,300,Zimbabwe,0,Zimbabwe,65,Zimbabwe,22,Zimbabwe,0,Zimbabwe,0,Zimbabwe,0,Zimbabwe,0,Zimbabwe,0,Zimbabwe,"10,00,00,000",Zimbabwe,"9,35,70,00,000",Zimbabwe,196,Zimbabwe,0,Zimbabwe,"19,500",Zimbabwe,0,Zimbabwe,"55,84,086",Zimbabwe,"1,40,30,368",Zimbabwe,"3,90,757",,,Zimbabwe,0,Zimbabwe,"3,229"
,,,,,,,,,,,,,,,,,,,,,,,,,,,,,,,,,,,,,,,,,,,,,,,,,,,,,,,,,,,
,,,,,,,,,,,,,,,,,,,,,,,,,,,,,,,,,,,,,,,,,,,,,,,,,,,,,,,,,,,
,,,,,,,,,,,,,,,,,,,,,,,,,,,,,,,,,,,,,,,,,,,,,,,,,,,,,,,,,,,
,,,,,,,,,,,,,,,,,,,,,,,,,,,,,,,,,,,,,,,,,,,,,,,,,,,,,,,,,,,
,,,,,,,,,,,,,,,,,,,,,,,,,,,,,,,,,,,,,,,,,,,,,,,,,,,,,,,,,,,
,,,,,,,,,,,,,,,,,,,,,,,,,,,,,,,,,,,,,,,,,,,,,,,,,,,,,,,,,,,
,,,,,,,,,,,,,,,,,,,,,,,,,,,,,,,,,,,,,,,,,,,,,,,,,,,,,,,,,,,
,,,,,,,,,,,,,,,,,,,,,,,,,,,,,,,,,,,,,,,,,,,,,,,,,,,,,,,,,,,
,,,,,,,,,,,,,,,,,,,,,,,,,,,,,,,,,,,,,,,,,,,,,,,,,,,,,,,,,,,
,,,,,,,,,,,,,,,,,,,,,,,,,,,,,,,,,,,,,,,,,,,,,,,,,,,,,,,,,,,
,,,,,,,,,,,,,,,,,,,,,,,,,,,,,,,,,,,,,,,,,,,,,,,,,,,,,,,,,,,
,,,,,,,,,,,,,,,,,,,,,,,,,,,,,,,,,,,,,,,,,,,,,,,,,,,,,,,,,,,
,,,,,,,,,,,,,,,,,,,,,,,,,,,,,,,,,,,,,,,,,,,,,,,,,,,,,,,,,,,
,,,,,,,,,,,,,,,,,,,,,,,,,,,,,,,,,,,,,,,,,,,,,,,,,,,,,,,,,,,
,,,,,,,,,,,,,,,,,,,,,,,,,,,,,,,,,,,,,,,,,,,,,,,,,,,,,,,,,,,
,,,,,,,,,,,,,,,,,,,,,,,,,,,,,,,,,,,,,,,,,,,,,,,,,,,,,,,,,,,
,,,,,,,,,,,,,,,,,,,,,,,,,,,,,,,,,,,,,,,,,,,,,,,,,,,,,,,,,,,
,,,,,,,,,,,,,,,,,,,,,,,,,,,,,,,,,,,,,,,,,,,,,,,,,,,,,,,,,,,
,,,,,,,,,,,,,,,,,,,,,,,,,,,,,,,,,,,,,,,,,,,,,,,,,,,,,,,,,,,
,,,,,,,,,,,,,,,,,,,,,,,,,,,,,,,,,,,,,,,,,,,,,,,,,,,,,,,,,,,
,,,,,,,,,,,,,,,,,,,,,,,,,,,,,,,,,,,,,,,,,,,,,,,,,,,,,,,,,,,
,,,,,,,,,,,,,,,,,,,,,,,,,,,,,,,,,,,,,,,,,,,,,,,,,,,,,,,,,,,
,,,,,,,,,,,,,,,,,,,,,,,,,,,,,,,,,,,,,,,,,,,,,,,,,,,,,,,,,,,
,,,,,,,,,,,,,,,,,,,,,,,,,,,,,,,,,,,,,,,,,,,,,,,,,,,,,,,,,,,
,,,,,,,,,,,,,,,,,,,,,,,,,,,,,,,,,,,,,,,,,,,,,,,,,,,,,,,,,,,
,,,,,,,,,,,,,,,,,,,,,,,,,,,,,,,,,,,,,,,,,,,,,,,,,,,,,,,,,,,
,,,,,,,,,,,,,,,,,,,,,,,,,,,,,,,,,,,,,,,,,,,,,,,,,,,,,,,,,,,
